author,flair,title,url
litex2x,ğŸ˜ HOA Board Member,How do you deal with a community manager that is not very responsive?,https://www.reddit.com/r/HOA/comments/127aw99/how_do_you_deal_with_a_community_manager_that_is/
CondoConnectionPNW,ğŸ˜ HOA Board Member,Carpe Diem,https://www.reddit.com/r/HOA/comments/125zd21/carpe_diem/
litex2x,ğŸ˜ HOA Board Member,My neighbor flooded their bathroom and leaked into my living room,https://www.reddit.com/r/HOA/comments/125eh1a/my_neighbor_flooded_their_bathroom_and_leaked/
1962Michael,ğŸ˜ HOA Board Member,Lack of Board Meetings--48 SFH Michigan,https://www.reddit.com/r/HOA/comments/124tps7/lack_of_board_meetings48_sfh_michigan/
RainyDayRose,ğŸ˜ HOA Board Member,Zoom meeting for the win,https://www.reddit.com/r/HOA/comments/124ridp/zoom_meeting_for_the_win/
CondoConnectionPNW,ğŸ˜ HOA Board Member,Incompetent Volunteer Leadership: the Dunning-Kruger Effect,https://www.reddit.com/r/HOA/comments/122el1m/incompetent_volunteer_leadership_the/
orchidsandcheesecake,ğŸ˜ HOA Board Member,Should property management charge HOAs for the full amount of a bill or divide it between the HOAs they manage?,https://www.reddit.com/r/HOA/comments/121p0gn/should_property_management_charge_hoas_for_the/
feistypineapple17,ğŸ˜ HOA Board Member,New Board Member Wants To Override Declaration,https://www.reddit.com/r/HOA/comments/11zzjgx/new_board_member_wants_to_override_declaration/
1962Michael,ğŸ˜ HOA Board Member,Complaint of Loose Dog in HOA (Michigan),https://www.reddit.com/r/HOA/comments/11tu4dg/complaint_of_loose_dog_in_hoa_michigan/
NeverRedditedYet,ğŸ˜ HOA Board Member,Recommendations for Outdoor HOA Key Management?,https://www.reddit.com/r/HOA/comments/11t6miu/recommendations_for_outdoor_hoa_key_management/
jedibassist,ğŸ˜ HOA Board Member,Overhaul of HOA Board,https://www.reddit.com/r/HOA/comments/11qcwoc/overhaul_of_hoa_board/
Mean_spoon,ğŸ˜ HOA Board Member,Neighbors violation,https://www.reddit.com/r/HOA/comments/11olhrq/neighbors_violation/
rob0225m1a2,ğŸ˜ HOA Board Member,Opinions Needed - Holiday Decoration,https://www.reddit.com/r/HOA/comments/11lmpjj/opinions_needed_holiday_decoration/
NeverRedditedYet,ğŸ˜ HOA Board Member,How are your delinquency rates comparing this year?,https://www.reddit.com/r/HOA/comments/11eb41w/how_are_your_delinquency_rates_comparing_this_year/
CondoConnectionPNW,ğŸ˜ HOA Board Member,Do you think this is a reasonable rule? Why or why not?,https://i.imgur.com/3D2qAe0.jpg
RainyDayRose,ğŸ˜ HOA Board Member,Considering Resigning as President and from BoD,https://www.reddit.com/r/HOA/comments/11av6ej/considering_resigning_as_president_and_from_bod/
antgoesmarching,ğŸ˜ HOA Board Member,Ideas for small unused common area,https://www.reddit.com/r/HOA/comments/118yol5/ideas_for_small_unused_common_area/
babycarotz,ğŸ˜ HOA Board Member,How many condo owners does it take to screw in a lightbulb?,https://www.reddit.com/r/HOA/comments/115pkpd/how_many_condo_owners_does_it_take_to_screw_in_a/
blipsman,ğŸ˜ HOA Board Member,Tips for property manager transition?,https://www.reddit.com/r/HOA/comments/115p3n5/tips_for_property_manager_transition/
Chattaneer,ğŸ˜ HOA Board Member,Can Board Write Document to Clarify the Wording of a Restriction,https://www.reddit.com/r/HOA/comments/115mufl/can_board_write_document_to_clarify_the_wording/
BreakfastBeerz,ğŸ˜ HOA Board Member,Question For Property Managers...,https://www.reddit.com/r/HOA/comments/11577is/question_for_property_managers/
Chattaneer,ğŸ˜ HOA Board Member,Example CC&R Provision for Supplemental Rules and Regulations,https://www.reddit.com/r/HOA/comments/113yzx1/example_ccr_provision_for_supplemental_rules_and/
RainyDayRose,ğŸ˜ HOA Board Member,Parking on Lawn,https://www.reddit.com/r/HOA/comments/113vcz3/parking_on_lawn/
CondoConnectionPNW,ğŸ˜ HOA Board Member,Minimum data set,https://www.reddit.com/r/HOA/comments/113jq3p/minimum_data_set/
tkrafte1,ğŸ¢ past COA Board Member ,Posting to r/HOA,https://www.reddit.com/r/HOA/comments/1134qho/posting_to_rhoa/
Inside_Pangolin_8171,ğŸ¢ COA Board Member ,Reserve buy in,https://www.reddit.com/r/HOA/comments/112prz3/reserve_buy_in/
CondoConnectionPNW,ğŸ˜ HOA Board Member,Head's Up: WA State Legislation for Condos & HOAs,https://www.reddit.com/r/HOA/comments/110k5wi/heads_up_wa_state_legislation_for_condos_hoas/
Chattaneer,ğŸ˜ HOA Board Member,Bonfire in Common Area,https://www.reddit.com/r/HOA/comments/10x6sbf/bonfire_in_common_area/
michigan9999,ğŸ¢ COA Board Member ,Bill Shark or Other Service,https://www.reddit.com/r/HOA/comments/10welns/bill_shark_or_other_service/
NeverRedditedYet,ğŸ˜ HOA Board Member,How do you define items in your CCRs? (Masonry),https://www.reddit.com/r/HOA/comments/10w72f0/how_do_you_define_items_in_your_ccrs_masonry/
rob0225m1a2,ğŸ˜ HOA Board Member,Road Easements?,https://www.reddit.com/r/HOA/comments/10vqgx4/road_easements/
rob0225m1a2,ğŸ˜ HOA Board Member,Member recommendations to change CCRs,https://www.reddit.com/r/HOA/comments/10u5eix/member_recommendations_to_change_ccrs/
CondoConnectionPNW,ğŸ˜ HOA Board Member,Boomers? Nope!,https://www.reddit.com/r/HOA/comments/10tnlgx/boomers_nope/
RainyDayRose,ğŸ˜ HOA Board Member,Dealing with Angry Members,https://www.reddit.com/r/HOA/comments/10snpgc/dealing_with_angry_members/
myfapaccount_istaken,ğŸ˜ HOA Board Member,[Fl] Though on attending a Town Hall as a board member not part of the meeting,https://www.floridacondohoalawblog.com/2015/03/13/town-hall-meetings-can-trigger-sunshine-law/?fbclid=IwAR28vOcaGXZK_fId8s8NDMeqCYgb1T5VnhoERMaW8QOwpV6QbOh1Z_-sq0c
Chattaneer,ğŸ˜ HOA Board Member,Developer Agents acted as ARC and approved sheds,https://www.reddit.com/r/HOA/comments/10q79g6/developer_agents_acted_as_arc_and_approved_sheds/
chadslc,ğŸ˜ HOA Board Member,Property management quit on us 2 (Electric Boogaloo),https://www.reddit.com/r/HOA/comments/10omody/property_management_quit_on_us_2_electric_boogaloo/
CondoConnectionPNW,ğŸ˜ HOA Board Member,Want better accountability for homeowners? Check this out.,https://www.reddit.com/r/HOA/comments/10musly/want_better_accountability_for_homeowners_check/
darknight7884,ğŸ¢ COA Board Member ,COA Manager Conflict of Interest?,https://www.reddit.com/r/HOA/comments/10kg05z/coa_manager_conflict_of_interest/
Mean_spoon,ğŸ˜ HOA Board Member,Financials and taxes,https://www.reddit.com/r/HOA/comments/10k6hoy/financials_and_taxes/
_stayhuman,ğŸ˜ HOA Board Member,Newly-elected HOA president,https://www.reddit.com/r/HOA/comments/10jblfx/newlyelected_hoa_president/
CondoConnectionPNW,ğŸ˜ HOA Board Member,HOA Sinkhole (Literally),https://www.reddit.com/r/HOA/comments/10j5qi8/hoa_sinkhole_literally/
metsmetsmetsmets,ğŸ˜ HOA Board Member,ButterflyMX,https://www.reddit.com/r/HOA/comments/10gbn1v/butterflymx/
NeverRedditedYet,ğŸ˜ HOA Board Member,Tips for successful attorney search/transfer?,https://www.reddit.com/r/HOA/comments/10fk5v4/tips_for_successful_attorney_searchtransfer/
carter1984,ğŸ˜ HOA Board Member,HOA's with rental resitrctions - How do you craft policy around a wait list?,https://www.reddit.com/r/HOA/comments/10f886y/hoas_with_rental_resitrctions_how_do_you_craft/
Mean_spoon,ğŸ˜ HOA Board Member,Reimbursement / payment,https://www.reddit.com/r/HOA/comments/10br3ie/reimbursement_payment/
CondoConnectionPNW,ğŸ˜ HOA Board Member,Contempt for Service,https://www.reddit.com/r/HOA/comments/10be61s/contempt_for_service/
babycarotz,ğŸ˜ HOA Board Member,Iâ€™m now spending 15 hours a week as condo board president. How about you?,https://www.reddit.com/r/HOA/comments/109lczu/im_now_spending_15_hours_a_week_as_condo_board/
Mean_spoon,ğŸ˜ HOA Board Member,Condemned house,https://www.reddit.com/r/HOA/comments/10980s3/condemned_house/
AVDude923,ğŸ˜ HOA Board Member,Question about Board Member Behavior,https://www.reddit.com/r/HOA/comments/108uqzh/question_about_board_member_behavior/
CondoConnectionPNW,ğŸ˜ HOA Board Member,The Common Interest Community Ecosystem,https://www.reddit.com/r/HOA/comments/106bly1/the_common_interest_community_ecosystem/
babycarotz,ğŸ˜ HOA Board Member,Play devil's advocate: Help me win board approval for a $1 million elevator replacement project,https://www.reddit.com/r/HOA/comments/105fxnx/play_devils_advocate_help_me_win_board_approval/
CondoConnectionPNW,ğŸ˜ HOA Board Member,Cutting through customer service doom-loops by calling in a â€˜Karenâ€™,https://www.reddit.com/r/HOA/comments/100282k/cutting_through_customer_service_doomloops_by/
frisianks,ğŸ˜ HOA Board Member,Insurance costs increasing 75% after budget was set (Kansas),https://www.reddit.com/r/HOA/comments/zw21sm/insurance_costs_increasing_75_after_budget_was/
CondoConnectionPNW,ğŸ˜ HOA Board Member,To homeowners nestled all snug in their beds...,https://www.reddit.com/r/HOA/comments/zvrrtz/to_homeowners_nestled_all_snug_in_their_beds/
fender1878,ğŸ˜ HOA Board Member,What do you do when thereâ€™s a limited number of HOA management companies in your area and theyâ€™re all garbage?,https://www.reddit.com/r/HOA/comments/zt5u0m/what_do_you_do_when_theres_a_limited_number_of/
CondoConnectionPNW,ğŸ˜ HOA Board Member,"Learn it: special assessments can be the pits, especially for new buyers",https://www.reddit.com/r/HOA/comments/zqr9op/learn_it_special_assessments_can_be_the_pits/
HermanCainsGhost,ğŸ˜ HOA Board Member,How do I control my HOA? Especially a crazy HOA officer,https://www.reddit.com/r/HOA/comments/zq5hz7/how_do_i_control_my_hoa_especially_a_crazy_hoa/
chadslc,ğŸ˜ HOA Board Member,Property management quit on us...,https://www.reddit.com/r/HOA/comments/zooko2/property_management_quit_on_us/
Areil26,ğŸ˜ HOA Board Member,Board Presents for Exiting Members Solved,https://www.reddit.com/r/HOA/comments/zmye31/board_presents_for_exiting_members_solved/
CondoConnectionPNW,ğŸ˜ HOA Board Member,Common Interest Community Governance Pyramid,https://www.reddit.com/r/HOA/comments/zl09bi/common_interest_community_governance_pyramid/
RainyDayRose,ğŸ˜ HOA Board Member,What is the HOA responsibility when professionals disagree on the right course of action?,https://www.reddit.com/r/HOA/comments/zkm0fa/what_is_the_hoa_responsibility_when_professionals/
galojah,ğŸ˜ HOA Board Member,Software recommendation - small HOA,https://www.reddit.com/r/HOA/comments/ziwqn8/software_recommendation_small_hoa/
CondoConnectionPNW,ğŸ˜ HOA Board Member,2023 Aspirations & Trepidation Results,https://www.reddit.com/r/HOA/comments/zh6kvf/2023_aspirations_trepidation_results/
metsmetsmetsmets,ğŸ˜ HOA Board Member,Virtual Gate Guard,https://www.reddit.com/r/HOA/comments/zdojo0/virtual_gate_guard/
metsmetsmetsmets,ğŸ˜ HOA Board Member,HOA Investment Account,https://www.reddit.com/r/HOA/comments/z33lka/hoa_investment_account/
WinningD,ğŸ˜ HOA Board Member,Please won't one of you please be a Board member?,https://www.reddit.com/r/HOA/comments/z2uobd/please_wont_one_of_you_please_be_a_board_member/
CondoConnectionPNW,ğŸ˜ HOA Board Member,HOA Levity: The Ancient Giza Homeowners Association,https://www.reddit.com/r/HOA/comments/z1jr67/hoa_levity_the_ancient_giza_homeowners_association/
NeverRedditedYet,ğŸ˜ HOA Board Member,HOA Financials - how detailed are your monthly packets?,https://www.reddit.com/r/HOA/comments/yyd34z/hoa_financials_how_detailed_are_your_monthly/
Areil26,ğŸ˜ HOA Board Member,End of term gifts?,https://www.reddit.com/r/HOA/comments/ystimb/end_of_term_gifts/
CondoConnectionPNW,ğŸ˜ HOA Board Member,Common Interest Community Aspirations & Trepidation for 2023,https://www.reddit.com/r/HOA/comments/yqzdty/common_interest_community_aspirations_trepidation/
tkrafte1,ğŸ¢ past COA Board Member ,Grand Junction woman sentenced to prison for HOA fraud scheme (CO),https://www.reddit.com/r/HOA/comments/yqrv3n/grand_junction_woman_sentenced_to_prison_for_hoa/
tkrafte1,ğŸ¢ past COA Board Member ,HOA sub news,https://www.reddit.com/r/HOA/comments/yqr9dx/hoa_sub_news/
Mean_spoon,ğŸ˜ HOA Board Member,Accountant / CPA - 1120-H,https://www.reddit.com/r/HOA/comments/yovsnf/accountant_cpa_1120h/
CaptainSkullplank,ğŸ˜ HOA Board Member,By-laws draw a line between heating and plumbing - who's responsible?,https://www.reddit.com/r/HOA/comments/yn8f7a/bylaws_draw_a_line_between_heating_and_plumbing/
babycarotz,ğŸ˜ HOA Board Member,We're likely to raise our monthly condo fee 8-9% next year,https://www.reddit.com/r/HOA/comments/ym0zho/were_likely_to_raise_our_monthly_condo_fee_89/
babycarotz,ğŸ˜ HOA Board Member,"What's less painful: a steady, predictable increase in monthly maintenance fees -- or big one-time assessments?",https://www.reddit.com/r/HOA/comments/yl63fh/whats_less_painful_a_steady_predictable_increase/
Inside_Pangolin_8171,ğŸ¢ COA Board Member ,Budgeting for contingencies,https://www.reddit.com/r/HOA/comments/yhdw3k/budgeting_for_contingencies/
michigan9999,ğŸ¢ COA Board Member ,Condos - Window Grid Pattern,https://www.reddit.com/r/HOA/comments/ygkrj2/condos_window_grid_pattern/
frisianks,ğŸ˜ HOA Board Member,Conflict of interest?,https://www.reddit.com/r/HOA/comments/yeh0g9/conflict_of_interest/
babycarotz,ğŸ˜ HOA Board Member,A board president campaigning for incumbents in upcoming election?,https://www.reddit.com/r/HOA/comments/yeb2uw/a_board_president_campaigning_for_incumbents_in/
ihavnoideawatsgoinon,ğŸ˜ HOA Board Member,[California] SB800 Legal Fees,https://www.reddit.com/r/HOA/comments/yconoh/california_sb800_legal_fees/
wildcat12321,ğŸ˜ HOA Board Member,Best HOA web portal software,https://www.reddit.com/r/HOA/comments/yco1tw/best_hoa_web_portal_software/
MuttsandHuskies,ğŸ˜ HOA Board Member,"Nomination Letter Help, please!",https://www.reddit.com/r/HOA/comments/yciiut/nomination_letter_help_please/
metsmetsmetsmets,ğŸ˜ HOA Board Member,Election Buddy,https://www.reddit.com/r/HOA/comments/ybw4c6/election_buddy/
babycarotz,ğŸ˜ HOA Board Member,Question for treasurers about verifying bank statements,https://www.reddit.com/r/HOA/comments/yasb8a/question_for_treasurers_about_verifying_bank/
rob0225m1a2,ğŸ˜ HOA Board Member,"How do you ""shut"" a board member out?",https://www.reddit.com/r/HOA/comments/y8nryt/how_do_you_shut_a_board_member_out/
KTBFFHCFC,ğŸ˜ HOA Board Member,Bylaw Amendment with votes collected online,https://www.reddit.com/r/HOA/comments/y7eubv/bylaw_amendment_with_votes_collected_online/
NeverRedditedYet,ğŸ˜ HOA Board Member,Biggest HOA management company horror stories?,https://www.reddit.com/r/HOA/comments/y3kxyz/biggest_hoa_management_company_horror_stories/
crogers1998,ğŸ˜ HOA Board Member,HOA Violations,https://www.reddit.com/r/HOA/comments/y0xxb9/hoa_violations/
srawas89,ğŸ¢ COA Board Member ,Tips on looking into Fiber internet for a small COA community?,https://www.reddit.com/r/HOA/comments/y0pvyu/tips_on_looking_into_fiber_internet_for_a_small/
chadslc,ğŸ˜ HOA Board Member,Dictator property management rep wants to keep communications with HOA attorney secret,https://www.reddit.com/r/HOA/comments/xyjvja/dictator_property_management_rep_wants_to_keep/
ashyp00h,ğŸ˜ HOA Board Member,Removal of director from HOA board,https://www.reddit.com/r/HOA/comments/xvxaxz/removal_of_director_from_hoa_board/
rob0225m1a2,ğŸ˜ HOA Board Member,Anyone use EBALLOT.COM?,https://www.reddit.com/r/HOA/comments/xrq9s1/anyone_use_eballotcom/
jand1173,ğŸ˜ HOA Board Member,Proposal Template Suggestions,https://www.reddit.com/r/HOA/comments/xppcts/proposal_template_suggestions/
Soulia,ğŸ˜ HOA Board Member,Putting Reserves into a T-Bill/T-Note instead of Bank CD?,https://www.reddit.com/r/HOA/comments/xpjyio/putting_reserves_into_a_tbilltnote_instead_of/
michigan9999,ğŸ¢ COA Board Member ,Budget Prep - Capital Expenses,https://www.reddit.com/r/HOA/comments/xphvim/budget_prep_capital_expenses/
frisianks,ğŸ˜ HOA Board Member,ADVICE WANTED: Convo re: dues and dogs with underlying sensitive situation,https://www.reddit.com/r/HOA/comments/xot2nl/advice_wanted_convo_re_dues_and_dogs_with/
